age,gender,chestPain,restingBP,serumCholestrol,fastingBloodSugar,restingRElectro,maxHeartRate,exerciseAngia,oldPeak,slope,noOfMajorVessels
1000.0,1000.0,1000.0,1000.0,1000.0,1000.0,1000.0,1000.0,1000.0,1000.0,1000.0,1000.0
49.242,0.765,0.98,151.747,311.447,0.296,0.748,145.477,0.498,2.7077,1.54,1.222
17.864730185048543,0.4242109792956271,0.9531571268728511,29.965228280557213,132.44380148406927,0.45671938057476014,0.7701227753346146,34.190268285660544,0.5002461856388775,1.720753236725621,1.0036968702787747,0.9775846110039129
20.0,0.0,0.0,94.0,0.0,0.0,0.0,71.0,0.0,0.0,0.0,0.0
34.0,1.0,0.0,129.0,235.75,0.0,0.0,119.75,0.0,1.3,1.0,0.0
49.0,1.0,1.0,147.0,318.0,0.0,1.0,146.0,0.0,2.4,2.0,1.0
64.25,1.0,2.0,181.0,404.25,1.0,1.0,175.0,1.0,4.1,2.0,2.0
80.0,1.0,3.0,200.0,602.0,1.0,2.0,202.0,1.0,6.2,3.0,3.0
